#SampleID	BarcodeSequence	LinkerPrimerSequence	SampleType	Year	Month	Day	Latitude	Longitude	Description			Humidity	pH	Temperature										
2016_1	TACGAGACTGAT	TATGGTAATTGTGTGYCAGCMGCCGCGGTAA	soil	2016	1	18	51.524735	-0.13108	bioc3101.2016_1	0	0	0	0	0										
2016_2	TGCTGTACGGAT	TATGGTAATTGTGTGYCAGCMGCCGCGGTAA	soil	2016	1	18	51.524392	-0.13112	bioc3101.2016_2	0	0	0	0	0										
2016_3	TATCACCAGGTG	TATGGTAATTGTGTGYCAGCMGCCGCGGTAA	soil	2016	1	18	51.523861	-0.1306	bioc3101.2016_3	0	0	0	0	0										
2016_4	TTGGTCAACGAT	TATGGTAATTGTGTGYCAGCMGCCGCGGTAA	soil	2016	1	18	51.524309	-0.130543	bioc3101.2016_4	0	0	0	0	0										
2017_1	AGCCTTCGTCGC	TATGGTAATTGTGTGYCAGCMGCCGCGGTAA	soil	2017	2	6	51.524127	-0.130407	bioc3301.2017_1	51.524531	-0.1309062	0	0	0										
2017_2	TCCATACCGGAA	TATGGTAATTGTGTGYCAGCMGCCGCGGTAA	soil	2017	2	6	51.524102	-0.130661	bioc3301.2017_2	51.524102	-0.130661	0	7.5	5										
2017_3	AGCCCTGCTACA	TATGGTAATTGTGTGYCAGCMGCCGCGGTAA	soil	2017	2	6	51.524355	-0.130789	bioc3301.2017_3	51.524341	-0.130825	0	0	0										
2017_4	CCTAACGGTCCA	TATGGTAATTGTGTGYCAGCMGCCGCGGTAA	soil	2017	2	6	51.524586	-0.131266	bioc3301.2017_4	51.524586	-0.131266	0	8	6										
2017_5	CGCGCCTTAAAC	TATGGTAATTGTGTGYCAGCMGCCGCGGTAA	soil	2017	1	30	51.524546	-0.130894	bioc3301.2017_5	51.524074	-0.130824	85	5.5	8										
2017_6	TATGGTACCCAG	TATGGTAATTGTGTGYCAGCMGCCGCGGTAA	soil	2017	1	30	51.524224	-0.131111	bioc3301.2017_6	51.524073	-0.130863	0	0	0										
2017_7	TACAATATCTGT	TATGGTAATTGTGTGYCAGCMGCCGCGGTAA	soil	2017	1	30	51.523972	-0.130877	bioc3301.2017_7	51.524371	-0.130757	0	0	0										
2017_8	AATTTAGGTAGG	TATGGTAATTGTGTGYCAGCMGCCGCGGTAA	soil	2017	1	30	51.524363	-0.131291	bioc3301.2017_8	51.524185	-0.130664	0	0	0										
																								
																								
																								
																								
																								
																								
																								
																								
																								
																								
																								
																								
																								
																								
																								
														#SampleID	SampleType	Year	Month	Day	Latitude	Longitude	Description	Humidity	pH	Temperature
														2016_1	soil	2016	1	18	51.524735	-0.13108	bioc3101.2016_1	0	0	0
														2016_2	soil	2016	1	18	51.524392	-0.13112	bioc3101.2016_2	0	0	0
														2016_3	soil	2016	1	18	51.523861	-0.1306	bioc3101.2016_3	0	0	0
														2016_4	soil	2016	1	18	51.524309	-0.130543	bioc3101.2016_4	0	0	0
														2017_1	soil	2017	2	6	51.524531	-0.1309062	bioc3301.2017_1	0	0	0
														2017_2	soil	2017	2	6	51.524102	-0.130661	bioc3301.2017_2	0	7.5	5
														2017_3	soil	2017	2	6	51.524341	-0.130825	bioc3301.2017_3	0	0	0
														2017_4	soil	2017	2	6	51.524586	-0.131266	bioc3301.2017_4	0	8	6
														2017_5	soil	2017	1	30	51.524074	-0.130824	bioc3301.2017_5	85	5.5	8
														2017_6	soil	2017	1	30	51.524073	-0.130863	bioc3301.2017_6	0	0	0
														2017_7	soil	2017	1	30	51.524371	-0.130757	bioc3301.2017_7	0	0	0
														2017_8	soil	2017	1	30	51.524185	-0.130664	bioc3301.2017_8	0	0	0
